<annotation>
  <folder>OIP-5jSblKI-gsH9IAIg2k</folder>
  <filename>OIP-5jSblKI-gsH9IAIg2k_jnAHaE7.jpeg</filename>
  <source>
    <database>Unknown</database>
    <annotation>Unknown</annotation>
    <image>Unknown</image>
  </source>
  <size>
    <width>300</width>
    <height>200</height>
    <depth></depth>
  </size>
  <segmented>0</segmented>
  <object>
    <name>Squirrel</name>
    <truncated>0</truncated>
    <occluded>0</occluded>
    <difficult>0</difficult>
    <bndbox>
      <xmin>192.93</xmin>
      <ymin>23.04</ymin>
      <xmax>273.28</xmax>
      <ymax>144.66</ymax>
    </bndbox>
    <attributes>
      <attribute>
        <name>rotation</name>
        <value>0.0</value>
      </attribute>
    </attributes>
  </object>
</annotation>
