<annotation>
  <folder>OIP-EJ4J52XdknWRuPvu</folder>
  <filename>OIP-EJ4J52XdknWRuPvu_3rPqgHaIJ.jpeg</filename>
  <source>
    <database>Unknown</database>
    <annotation>Unknown</annotation>
    <image>Unknown</image>
  </source>
  <size>
    <width>273</width>
    <height>300</height>
    <depth></depth>
  </size>
  <segmented>0</segmented>
  <object>
    <name>Squirrel</name>
    <truncated>0</truncated>
    <occluded>0</occluded>
    <difficult>0</difficult>
    <bndbox>
      <xmin>77.39</xmin>
      <ymin>61.2</ymin>
      <xmax>201.89</xmax>
      <ymax>247.95</ymax>
    </bndbox>
    <attributes>
      <attribute>
        <name>rotation</name>
        <value>0.0</value>
      </attribute>
    </attributes>
  </object>
</annotation>
