<annotation>
  <folder></folder>
  <filename>OIP-7Gosw5fUK1e0WxIn7W6wfQHaG8.jpeg</filename>
  <source>
    <database>Unknown</database>
    <annotation>Unknown</annotation>
    <image>Unknown</image>
  </source>
  <size>
    <width>300</width>
    <height>282</height>
    <depth></depth>
  </size>
  <segmented>0</segmented>
  <object>
    <name>Squirrel</name>
    <truncated>0</truncated>
    <occluded>0</occluded>
    <difficult>0</difficult>
    <bndbox>
      <xmin>120.07</xmin>
      <ymin>76.51</ymin>
      <xmax>237.06</xmax>
      <ymax>256.66</ymax>
    </bndbox>
    <attributes>
      <attribute>
        <name>rotation</name>
        <value>0.0</value>
      </attribute>
    </attributes>
  </object>
</annotation>
