<annotation>
  <folder>OIP-4d4h2Jx7fdhcr</folder>
  <filename>OIP-4d4h2Jx7fdhcr_sjMwaXjQHaEK.jpeg</filename>
  <source>
    <database>Unknown</database>
    <annotation>Unknown</annotation>
    <image>Unknown</image>
  </source>
  <size>
    <width>300</width>
    <height>169</height>
    <depth></depth>
  </size>
  <segmented>0</segmented>
  <object>
    <name>Squirrel</name>
    <truncated>0</truncated>
    <occluded>0</occluded>
    <difficult>0</difficult>
    <bndbox>
      <xmin>75.92</xmin>
      <ymin>7.25</ymin>
      <xmax>246.43</xmax>
      <ymax>167.14</ymax>
    </bndbox>
    <attributes>
      <attribute>
        <name>rotation</name>
        <value>0.0</value>
      </attribute>
    </attributes>
  </object>
</annotation>
