<annotation>
  <folder>OIP-1OEg6yZosok8zB5P</folder>
  <filename>OIP-1OEg6yZosok8zB5P_0qAUgHaFj.jpeg</filename>
  <source>
    <database>Unknown</database>
    <annotation>Unknown</annotation>
    <image>Unknown</image>
  </source>
  <size>
    <width>300</width>
    <height>225</height>
    <depth></depth>
  </size>
  <segmented>0</segmented>
  <object>
    <name>Squirrel</name>
    <truncated>0</truncated>
    <occluded>0</occluded>
    <difficult>0</difficult>
    <bndbox>
      <xmin>114.7</xmin>
      <ymin>24.16</ymin>
      <xmax>205.14</xmax>
      <ymax>205.64</ymax>
    </bndbox>
    <attributes>
      <attribute>
        <name>rotation</name>
        <value>0.0</value>
      </attribute>
    </attributes>
  </object>
</annotation>
