<annotation>
  <folder>OIP-EpFTMNygW2suqhrw1uL</folder>
  <filename>OIP-EpFTMNygW2suqhrw1uL_EAHaGE.jpeg</filename>
  <source>
    <database>Unknown</database>
    <annotation>Unknown</annotation>
    <image>Unknown</image>
  </source>
  <size>
    <width>300</width>
    <height>246</height>
    <depth></depth>
  </size>
  <segmented>0</segmented>
  <object>
    <name>Squirrel</name>
    <truncated>0</truncated>
    <occluded>0</occluded>
    <difficult>0</difficult>
    <bndbox>
      <xmin>20.82</xmin>
      <ymin>22.81</ymin>
      <xmax>250.73</xmax>
      <ymax>208.73</ymax>
    </bndbox>
    <attributes>
      <attribute>
        <name>rotation</name>
        <value>0.0</value>
      </attribute>
    </attributes>
  </object>
</annotation>
