<annotation>
  <folder>OIP-6Ti8</folder>
  <filename>OIP-6Ti8_CsyqCAL8uP-F2vPIQHaE8.jpeg</filename>
  <source>
    <database>Unknown</database>
    <annotation>Unknown</annotation>
    <image>Unknown</image>
  </source>
  <size>
    <width>300</width>
    <height>200</height>
    <depth></depth>
  </size>
  <segmented>0</segmented>
  <object>
    <name>Squirrel</name>
    <truncated>0</truncated>
    <occluded>0</occluded>
    <difficult>0</difficult>
    <bndbox>
      <xmin>33.16</xmin>
      <ymin>41.05</ymin>
      <xmax>193.08</xmax>
      <ymax>185.47000000000003</ymax>
    </bndbox>
    <attributes>
      <attribute>
        <name>rotation</name>
        <value>0.0</value>
      </attribute>
    </attributes>
  </object>
</annotation>
