<annotation>
  <folder></folder>
  <filename>OIP-hj6QX1eBD3gSzdlUTiiTaAHaE8.jpeg</filename>
  <source>
    <database>Unknown</database>
    <annotation>Unknown</annotation>
    <image>Unknown</image>
  </source>
  <size>
    <width>300</width>
    <height>200</height>
    <depth></depth>
  </size>
  <segmented>0</segmented>
  <object>
    <name>Squirrel</name>
    <truncated>0</truncated>
    <occluded>0</occluded>
    <difficult>0</difficult>
    <bndbox>
      <xmin>16.53</xmin>
      <ymin>30.55</ymin>
      <xmax>207.65</xmax>
      <ymax>111.59</ymax>
    </bndbox>
    <attributes>
      <attribute>
        <name>rotation</name>
        <value>349.1</value>
      </attribute>
    </attributes>
  </object>
</annotation>
