<annotation>
  <folder>OIP-gSWN6Ojp2btS7qXjqZ</folder>
  <filename>OIP-gSWN6Ojp2btS7qXjqZ_hqAHaH4.jpeg</filename>
  <source>
    <database>Unknown</database>
    <annotation>Unknown</annotation>
    <image>Unknown</image>
  </source>
  <size>
    <width>283</width>
    <height>300</height>
    <depth></depth>
  </size>
  <segmented>0</segmented>
  <object>
    <name>Squirrel</name>
    <truncated>0</truncated>
    <occluded>0</occluded>
    <difficult>0</difficult>
    <bndbox>
      <xmin>131.38</xmin>
      <ymin>30.77</ymin>
      <xmax>266.8</xmax>
      <ymax>241.97</ymax>
    </bndbox>
    <attributes>
      <attribute>
        <name>rotation</name>
        <value>0.0</value>
      </attribute>
    </attributes>
  </object>
</annotation>
