<annotation>
  <folder>OIP-eH9UrrGHwsFfo</folder>
  <filename>OIP-eH9UrrGHwsFfo_D74CDiBAHaFH.jpeg</filename>
  <source>
    <database>Unknown</database>
    <annotation>Unknown</annotation>
    <image>Unknown</image>
  </source>
  <size>
    <width>300</width>
    <height>207</height>
    <depth></depth>
  </size>
  <segmented>0</segmented>
  <object>
    <name>Squirrel</name>
    <truncated>0</truncated>
    <occluded>0</occluded>
    <difficult>0</difficult>
    <bndbox>
      <xmin>80.72</xmin>
      <ymin>20.76</ymin>
      <xmax>176.78</xmax>
      <ymax>130.06</ymax>
    </bndbox>
    <attributes>
      <attribute>
        <name>rotation</name>
        <value>0.0</value>
      </attribute>
    </attributes>
  </object>
</annotation>
