<annotation>
  <folder>OIP--TTdt-oMLoe7bze4</folder>
  <filename>OIP--TTdt-oMLoe7bze4_FhNHgHaE8.jpeg</filename>
  <source>
    <database>Unknown</database>
    <annotation>Unknown</annotation>
    <image>Unknown</image>
  </source>
  <size>
    <width>300</width>
    <height>200</height>
    <depth></depth>
  </size>
  <segmented>0</segmented>
  <object>
    <name>Squirrel</name>
    <truncated>0</truncated>
    <occluded>0</occluded>
    <difficult>0</difficult>
    <bndbox>
      <xmin>61.23</xmin>
      <ymin>35.65</ymin>
      <xmax>206.86</xmax>
      <ymax>150.09</ymax>
    </bndbox>
    <attributes>
      <attribute>
        <name>rotation</name>
        <value>0.0</value>
      </attribute>
    </attributes>
  </object>
</annotation>
