<annotation>
  <folder>OIP-4Gx2aVNcmw</folder>
  <filename>OIP-4Gx2aVNcmw_tQZ5e9v0bGAHaE8.jpeg</filename>
  <source>
    <database>Unknown</database>
    <annotation>Unknown</annotation>
    <image>Unknown</image>
  </source>
  <size>
    <width>300</width>
    <height>200</height>
    <depth></depth>
  </size>
  <segmented>0</segmented>
  <object>
    <name>Squirrel</name>
    <truncated>0</truncated>
    <occluded>0</occluded>
    <difficult>0</difficult>
    <bndbox>
      <xmin>154.83</xmin>
      <ymin>81.26</ymin>
      <xmax>273.88</xmax>
      <ymax>175.17</ymax>
    </bndbox>
    <attributes>
      <attribute>
        <name>rotation</name>
        <value>0.0</value>
      </attribute>
    </attributes>
  </object>
</annotation>
