<annotation>
  <folder>OIP-7ultMiwop9VMjL</folder>
  <filename>OIP-7ultMiwop9VMjL_wpIAvyAHaGd.jpeg</filename>
  <source>
    <database>Unknown</database>
    <annotation>Unknown</annotation>
    <image>Unknown</image>
  </source>
  <size>
    <width>300</width>
    <height>262</height>
    <depth></depth>
  </size>
  <segmented>0</segmented>
  <object>
    <name>Squirrel</name>
    <truncated>0</truncated>
    <occluded>0</occluded>
    <difficult>0</difficult>
    <bndbox>
      <xmin>21.29</xmin>
      <ymin>88.24</ymin>
      <xmax>129.61</xmax>
      <ymax>199.57</ymax>
    </bndbox>
    <attributes>
      <attribute>
        <name>rotation</name>
        <value>0.0</value>
      </attribute>
    </attributes>
  </object>
</annotation>
