<annotation>
  <folder>OIP-FV8Fj5JuWMU56i</folder>
  <filename>OIP-FV8Fj5JuWMU56i_W-X8NDgHaJ4.jpeg</filename>
  <source>
    <database>Unknown</database>
    <annotation>Unknown</annotation>
    <image>Unknown</image>
  </source>
  <size>
    <width>225</width>
    <height>300</height>
    <depth></depth>
  </size>
  <segmented>0</segmented>
  <object>
    <name>Squirrel</name>
    <truncated>0</truncated>
    <occluded>0</occluded>
    <difficult>0</difficult>
    <bndbox>
      <xmin>47.11</xmin>
      <ymin>72.19</ymin>
      <xmax>198.18</xmax>
      <ymax>266.84</ymax>
    </bndbox>
    <attributes>
      <attribute>
        <name>rotation</name>
        <value>0.0</value>
      </attribute>
    </attributes>
  </object>
</annotation>
