<annotation>
  <folder>OIP-EGbYYQ3qGFXklgP</folder>
  <filename>OIP-EGbYYQ3qGFXklgP_nt3c7gHaEI.jpeg</filename>
  <source>
    <database>Unknown</database>
    <annotation>Unknown</annotation>
    <image>Unknown</image>
  </source>
  <size>
    <width>300</width>
    <height>168</height>
    <depth></depth>
  </size>
  <segmented>0</segmented>
  <object>
    <name>Squirrel</name>
    <truncated>0</truncated>
    <occluded>0</occluded>
    <difficult>0</difficult>
    <bndbox>
      <xmin>67.17</xmin>
      <ymin>1.11</ymin>
      <xmax>232.66000000000003</xmax>
      <ymax>168.0</ymax>
    </bndbox>
    <attributes>
      <attribute>
        <name>rotation</name>
        <value>0.0</value>
      </attribute>
    </attributes>
  </object>
</annotation>
