<annotation>
  <folder>OIP-FKO1CLh</folder>
  <filename>OIP-FKO1CLh_Fix84-l-lWm02wHaFa.jpeg</filename>
  <source>
    <database>Unknown</database>
    <annotation>Unknown</annotation>
    <image>Unknown</image>
  </source>
  <size>
    <width>300</width>
    <height>219</height>
    <depth></depth>
  </size>
  <segmented>0</segmented>
  <object>
    <name>Squirrel</name>
    <truncated>0</truncated>
    <occluded>0</occluded>
    <difficult>0</difficult>
    <bndbox>
      <xmin>31.9</xmin>
      <ymin>32.7</ymin>
      <xmax>246.04</xmax>
      <ymax>179.47999999999996</ymax>
    </bndbox>
    <attributes>
      <attribute>
        <name>rotation</name>
        <value>0.0</value>
      </attribute>
    </attributes>
  </object>
</annotation>
