<annotation>
  <folder></folder>
  <filename>OIP--AAQXm1r1q9pQFMH6vjkhwHaFk.jpeg</filename>
  <source>
    <database>Unknown</database>
    <annotation>Unknown</annotation>
    <image>Unknown</image>
  </source>
  <size>
    <width>300</width>
    <height>226</height>
    <depth></depth>
  </size>
  <segmented>0</segmented>
  <object>
    <name>Squirrel</name>
    <truncated>0</truncated>
    <occluded>0</occluded>
    <difficult>0</difficult>
    <bndbox>
      <xmin>23.69</xmin>
      <ymin>65.27</ymin>
      <xmax>187.27</xmax>
      <ymax>151.68</ymax>
    </bndbox>
    <attributes>
      <attribute>
        <name>rotation</name>
        <value>0.0</value>
      </attribute>
    </attributes>
  </object>
</annotation>
