<annotation>
  <folder>OIP-3KLjCeYEsddQ</folder>
  <filename>OIP-3KLjCeYEsddQ_O5N_LQHeQHaGh.jpeg</filename>
  <source>
    <database>Unknown</database>
    <annotation>Unknown</annotation>
    <image>Unknown</image>
  </source>
  <size>
    <width>300</width>
    <height>264</height>
    <depth></depth>
  </size>
  <segmented>0</segmented>
  <object>
    <name>Squirrel</name>
    <truncated>0</truncated>
    <occluded>0</occluded>
    <difficult>0</difficult>
    <bndbox>
      <xmin>87.65</xmin>
      <ymin>68.24</ymin>
      <xmax>176.82</xmax>
      <ymax>212.47000000000003</ymax>
    </bndbox>
    <attributes>
      <attribute>
        <name>rotation</name>
        <value>0.0</value>
      </attribute>
    </attributes>
  </object>
</annotation>
