<annotation>
  <folder>OIP--jJ32MJkOTeadZ2mrg</folder>
  <filename>OIP--jJ32MJkOTeadZ2mrg_HyAHaGN.jpeg</filename>
  <source>
    <database>Unknown</database>
    <annotation>Unknown</annotation>
    <image>Unknown</image>
  </source>
  <size>
    <width>300</width>
    <height>252</height>
    <depth></depth>
  </size>
  <segmented>0</segmented>
  <object>
    <name>Squirrel</name>
    <truncated>0</truncated>
    <occluded>0</occluded>
    <difficult>0</difficult>
    <bndbox>
      <xmin>92.27</xmin>
      <ymin>110.95</ymin>
      <xmax>164.61</xmax>
      <ymax>246.83999999999997</ymax>
    </bndbox>
    <attributes>
      <attribute>
        <name>rotation</name>
        <value>0.0</value>
      </attribute>
    </attributes>
  </object>
</annotation>
