<annotation>
  <folder>OIP--2DLJjX4d5SG0eF</folder>
  <filename>OIP--2DLJjX4d5SG0eF_EXsO9AHaEk.jpeg</filename>
  <source>
    <database>Unknown</database>
    <annotation>Unknown</annotation>
    <image>Unknown</image>
  </source>
  <size>
    <width>300</width>
    <height>185</height>
    <depth></depth>
  </size>
  <segmented>0</segmented>
  <object>
    <name>Squirrel</name>
    <truncated>0</truncated>
    <occluded>0</occluded>
    <difficult>0</difficult>
    <bndbox>
      <xmin>61.46</xmin>
      <ymin>18.05</ymin>
      <xmax>259.16</xmax>
      <ymax>148.64</ymax>
    </bndbox>
    <attributes>
      <attribute>
        <name>rotation</name>
        <value>0.0</value>
      </attribute>
    </attributes>
  </object>
</annotation>
