<annotation>
  <folder>OIP-</folder>
  <filename>OIP-_rMOzD8-J2Am0NvqL05rNgEgDY.jpeg</filename>
  <source>
    <database>Unknown</database>
    <annotation>Unknown</annotation>
    <image>Unknown</image>
  </source>
  <size>
    <width>288</width>
    <height>216</height>
    <depth></depth>
  </size>
  <segmented>0</segmented>
  <object>
    <name>Squirrel</name>
    <truncated>0</truncated>
    <occluded>0</occluded>
    <difficult>0</difficult>
    <bndbox>
      <xmin>43.24</xmin>
      <ymin>10.87</ymin>
      <xmax>266.5</xmax>
      <ymax>200.64</ymax>
    </bndbox>
    <attributes>
      <attribute>
        <name>rotation</name>
        <value>0.0</value>
      </attribute>
    </attributes>
  </object>
</annotation>
