<annotation>
  <folder></folder>
  <filename>OIP-eUVHc08OizhAtFvMmiYX-wHaE8.jpeg</filename>
  <source>
    <database>Unknown</database>
    <annotation>Unknown</annotation>
    <image>Unknown</image>
  </source>
  <size>
    <width>300</width>
    <height>200</height>
    <depth></depth>
  </size>
  <segmented>0</segmented>
  <object>
    <name>Squirrel</name>
    <truncated>0</truncated>
    <occluded>0</occluded>
    <difficult>0</difficult>
    <bndbox>
      <xmin>35.97</xmin>
      <ymin>59.59</ymin>
      <xmax>219.01</xmax>
      <ymax>117.54</ymax>
    </bndbox>
    <attributes>
      <attribute>
        <name>rotation</name>
        <value>33.79999999999998</value>
      </attribute>
    </attributes>
  </object>
</annotation>
